step,levelId,codeST,secondarySentries,maxJump,jumpToNext
0,0,63589488,0,22,6
1,6,45151883,0,28,28
2,34,56736905,0,36,32
3,66,49396615,0,26,24
4,90,23588937,0,18,7
5,97,74976881,0,34,23
6,120,35645495,0,28,26
7,146,13081446,0,37,37
8,183,07651631,0,23,17
9,200,85076349,0,29,7
10,207,98296380,0,32,26
11,233,09877081,0,30,22
12,255,06864565,0,30,30
13,285,72487397,0,29,12
14,297,87726753,0,23,23
15,320,71378655,0,29,28
16,348,66718592,0,37,36
17,384,72997226,0,28,28
18,412,82897777,0,28,9
19,421,73469535,0,31,26
20,447,69188267,0,31,26
21,473,79596777,0,31,28
22,501,60664655,0,33,31
23,532,04599852,0,22,21
24,553,74575044,0,22,14
25,567,75707487,0,32,29
26,596,87667295,0,30,25
27,621,47832335,0,28,26
28,647,18547987,0,29,26
29,673,00449549,0,27,9
30,682,39175078,0,37,24
31,706,12801049,0,34,33
32,739,32404984,1,38,21
33,760,07578985,0,34,31
34,791,57865885,0,31,28
35,819,16208408,0,29,12
36,831,00909692,0,37,28
37,859,75958551,0,36,36
38,895,79987885,0,37,30
39,925,86150657,0,33,33
40,958,33796794,0,34,33
41,991,61442799,1,36,27
42,1018,44541414,0,30,23
43,1041,01631929,2,42,38
44,1079,46457929,0,27,23
45,1102,93655998,0,33,29
46,1131,83055824,0,17,5
47,1136,61469778,0,16,14
48,1150,39437597,0,25,13
49,1163,05958715,0,32,29
50,1192,52465064,0,28,24
51,1216,38519733,0,28,27
52,1243,95622784,0,36,36
53,1279,94767767,0,33,31
54,1310,76676724,1,36,28
55,1338,18204257,0,25,21
56,1359,76230854,0,31,17
57,1376,43479955,1,33,27
58,1403,65786798,0,28,27
59,1430,18480056,0,33,26
60,1456,15545489,0,32,30
61,1486,49869311,1,37,33
62,1519,47375891,0,33,26
63,1545,96645005,0,25,18
64,1563,98856757,1,28,26
65,1589,97557994,0,21,15
66,1604,44979438,2,37,35
67,1639,66554554,0,25,19
68,1658,95614748,0,25,23
69,1681,48527551,1,35,29
70,1710,72394195,0,23,7
71,1717,94146098,0,28,25
72,1742,19457996,0,31,29
73,1771,90565474,0,27,9
74,1780,90939292,0,34,33
75,1813,66556874,0,17,16
76,1829,63516798,0,30,19
77,1848,73051666,0,36,21
78,1869,84089687,1,37,31
79,1900,81207635,0,31,26
80,1926,40996984,1,34,26
81,1952,46921324,0,38,38
82,1990,41971728,0,30,16
83,2006,44543726,1,34,29
84,2035,24045813,1,33,32
85,2067,49993756,1,26,24
86,2091,56425886,1,33,30
87,2121,56383985,0,25,19
88,2140,55118496,0,25,9
89,2149,60192616,1,26,24
90,2173,39814193,0,21,12
91,2185,65589703,0,20,16
92,2201,62837968,0,30,26
93,2227,95145905,2,37,33
94,2260,99263655,0,30,23
95,2283,80907711,2,43,38
96,2321,40455337,1,30,26
97,2347,20136435,1,31,27
98,2374,92691660,1,30,27
99,2401,77279190,2,30,26
100,2427,09946251,0,24,19
101,2446,76474746,0,34,29
102,2475,58557445,0,29,8
103,2483,29021391,0,28,26
104,2509,46629002,0,35,24
105,2533,34150275,1,25,22
106,2555,78487493,1,37,35
107,2590,54991786,1,37,30
108,2620,84163577,1,33,28
109,2648,35979877,0,37,24
110,2672,09887667,1,37,35
111,2707,69975017,0,29,27
112,2734,75649870,0,34,32
113,2766,77473554,0,28,24
114,2790,07420649,0,18,14
115,2804,74048426,1,29,26
116,2830,04964958,1,29,28
117,2858,51980454,0,32,28
118,2886,45658344,2,36,31
119,2917,98914646,0,29,28
120,2945,25664298,0,32,31
121,2976,37648105,0,22,4
122,2980,34889605,0,27,25
123,3005,04877717,1,30,26
124,3031,52574797,0,24,5
125,3036,94189805,1,33,21
126,3057,74326555,1,35,35
127,3092,56547572,1,23,19
128,3111,34936507,2,40,40
129,3151,37858124,3,37,35
130,3186,97350946,2,41,39
131,3225,64198342,1,35,34
132,3259,35029390,1,28,28
133,3287,36481599,3,41,35
134,3322,27887888,0,35,22
135,3344,76912830,1,39,37
136,3381,65685041,1,30,22
137,3403,96889019,1,40,31
138,3434,85492126,4,45,44
139,3478,37513635,0,27,26
140,3504,78788822,0,25,15
141,3519,04629482,1,35,32
142,3551,47048024,1,19,11
143,3562,49559071,1,33,32
144,3594,09138551,1,28,23
145,3617,58146275,0,25,25
146,3642,85676076,1,30,29
147,3671,17098061,1,30,16
148,3687,85038988,1,30,17
149,3704,48594045,2,36,35
150,3739,85773018,0,30,26
151,3765,76103264,2,35,35
152,3800,72278480,1,28,9
153,3809,92567755,2,36,25
154,3834,75557890,0,21,18
155,3852,92699850,1,20,14
156,3866,29746849,0,30,19
157,3885,29484684,3,42,35
158,3920,44904859,2,31,28
159,3948,97071986,0,32,27
160,3975,58090533,2,40,34
161,4009,97891495,2,29,24
162,4033,88414865,3,40,39
163,4072,65105648,1,40,27
164,4099,71376450,1,23,21
165,4120,63830281,1,23,21
166,4141,51965475,0,16,5
167,4146,07796918,2,34,26
168,4172,97289869,1,32,24
169,4196,69944434,4,39,37
170,4233,59504449,1,32,28
171,4261,11877244,1,33,29
172,4290,47093409,2,33,24
173,4314,60584513,3,38,34
174,4348,22999455,2,37,24
175,4372,69885743,3,43,43
176,4415,88690865,1,31,25
177,4440,76499364,2,38,34
178,4474,59398690,0,24,8
179,4482,81658629,1,30,26
180,4508,45661599,0,26,24
181,4532,04994475,3,37,37
182,4569,52533142,1,36,29
183,4598,67093435,2,27,23
184,4621,89659811,3,44,42
185,4663,86496747,5,43,43
186,4706,69835388,1,31,26
187,4732,51759877,2,38,35
188,4767,77570096,0,28,24
189,4791,27568928,1,35,33
190,4824,94730289,4,35,35
191,4859,22848263,1,30,21
192,4880,74629407,4,45,45
193,4925,55348949,1,33,25
194,4950,43334754,2,36,31
195,4981,64554888,0,25,23
196,5004,86695268,0,25,15
197,5019,94898563,3,46,46
198,5065,60607968,2,39,29
199,5094,34464092,3,46,37
200,5131,87555409,5,47,47
201,5178,84754655,0,20,17
202,5195,87533758,5,51,44
203,5239,61127742,1,29,26
204,5265,28853294,4,44,40
205,5305,95882758,5,48,40
206,5345,35269917,1,36,33
207,5378,45875694,4,46,40
208,5418,37840577,3,35,33
209,5451,28508107,5,44,37
210,5488,42873468,1,35,29
211,5517,54987710,5,46,46
212,5563,29827482,1,33,32
213,5595,86026676,2,42,16
214,5611,49645798,2,36,32
215,5643,99662184,2,36,27
216,5670,40153207,1,40,35
217,5705,48549587,4,48,45
218,5750,56653967,4,48,45
219,5795,67407467,4,39,37
220,5832,48453415,2,35,35
221,5867,54869448,3,29,29
222,5896,53542953,1,35,32
223,5928,68686506,3,32,32
224,5960,45495189,1,20,13
225,5973,33662746,4,45,23
226,5996,07905689,1,32,24
227,6020,05473477,5,49,46
228,6066,78107582,2,41,34
229,6100,27476234,2,39,33
230,6133,68750897,3,36,35
231,6168,18655177,5,46,45
232,6213,64574687,2,29,28
233,6241,44469507,0,32,31
234,6272,22499906,3,35,29
235,6301,51664832,2,30,28
236,6329,43431745,3,39,39
237,6368,59546368,4,40,31
238,6399,46174746,3,38,36
239,6435,92454785,2,35,32
240,6467,61974189,1,31,11
241,6478,55047985,0,26,26
242,6504,95311904,2,29,23
243,6527,56662739,0,22,22
244,6549,40192351,2,42,32
245,6581,06970996,2,34,27
246,6608,84584951,1,28,24
247,6632,69755629,5,45,41
248,6673,95992154,4,43,42
249,6715,70954775,3,34,32
250,6747,97887316,3,45,32
251,6779,98605508,3,40,39
252,6818,79914628,3,28,10
253,6828,34867274,4,44,43
254,6871,43453369,3,35,34
255,6905,74708546,1,26,26
256,6931,96444638,4,32,26
257,6957,99861772,2,38,35
258,6992,44893968,0,20,20
259,7012,85894255,1,34,29
260,7041,56495667,1,37,35
261,7076,86888633,4,35,33
262,7109,24962422,3,30,30
263,7139,55634844,1,23,18
264,7157,77472612,3,39,39
265,7196,48400274,5,39,38
266,7234,49845083,4,38,38
267,7272,82356895,1,35,32
268,7304,77910990,3,32,25
269,7329,55505705,3,31,27
270,7356,10876687,1,35,35
271,7391,57735984,2,36,21
272,7412,49624689,4,39,34
273,7446,40886834,4,36,31
274,7477,73064651,1,33,25
275,7502,63893135,1,40,39
276,7541,81958175,4,38,29
277,7570,95002268,2,29,27
278,7597,40889894,1,26,16
279,7613,66536872,3,43,33
280,7646,54692451,1,19,17
281,7663,95743894,2,28,23
282,7686,48639668,4,34,24
283,7710,90074665,4,43,35
284,7745,77870525,5,46,43
285,7788,95991709,1,24,24
286,7812,77181455,2,33,28
287,7840,47912712,3,42,42
288,7882,38239018,5,47,42
289,7924,50379880,2,36,33
290,7957,30615578,1,30,30
291,7987,24115464,1,37,25
292,8012,17789834,2,41,29
293,8041,68943363,2,35,22
294,8063,67712951,2,32,31
295,8094,35153640,4,40,35
296,8129,54761968,2,37,37
297,8166,74625751,2,32,28
298,8194,37732977,2,32,16
299,8210,19955524,2,38,38
300,8248,61416095,5,51,46
301,8294,37464760,4,49,47
302,8341,72086977,2,34,29
303,8370,57697469,2,32,29
304,8399,18148006,4,41,33
305,8432,04541192,3,40,38
306,8470,49319548,4,34,34
307,8504,99487894,4,33,28
308,8532,30069387,2,33,31
309,8563,47368734,4,44,34
310,8597,77798447,2,37,33
311,8630,99177557,5,45,39
312,8669,34675085,4,40,32
313,8701,18217898,4,47,38
314,8739,87315307,3,31,24
315,8763,66766664,2,40,38
316,8801,66460361,2,43,43
317,8844,98764975,3,38,37
318,8881,03067735,3,44,43
319,8924,18744997,4,39,36
320,8960,64035278,3,47,42
321,9002,61099295,4,42,32
322,9034,88695098,4,43,43
323,9077,14613130,3,43,40
324,9117,55646625,3,36,36
325,9153,61845690,5,43,41
326,9194,66983343,3,37,28
327,9222,88577590,5,45,45
328,9267,86971291,3,35,28
329,9295,53244548,3,46,41
330,9336,76883997,3,41,37
331,9373,86790908,5,41,30
332,9403,74578936,4,35,35
333,9438,77895408,3,45,43
334,9481,60290439,5,39,39
335,9520,39734876,3,39,34
336,9554,67195541,4,42,40
337,9594,12858626,3,39,39
338,9633,22355826,3,38,37
339,9670,66866728,5,41,40
340,9710,74846146,4,36,33
341,9743,91066965,3,34,22
342,9765,96529618,3,32,26
343,9791,06938566,4,46,43
344,9834,95584477,5,47,45
345,9879,29495753,5,45,44
346,9923,55242264,4,49,34
347,9957,66886890,3,43,42
348,9999,84981644,7,45,
